RegNumber,RegTitle,SectionNumber,SectionDetail,
36,พ.ร.บ.ความปลอดภัย พ.ศ.2554,มาตรา 1,พระราชบัญญัตินี้เรียกว่า “พระราชบัญญัติความปลอดภัย อาชีวอนามัย และสภาพแวดล้อมในการทํางาน พ.ศ. ๒๕๕๔”,
36,พ.ร.บ.ความปลอดภัย พ.ศ.2554,มาตรา 2,พระราชบัญญัตินี้ให้ใช้บังคับเมื่อพ้นกําหนดหนึ่งร้อยแปดสิบวันนับแต่วันประกาศ  ในราชกิจจานุเบกษาเป็นต้นไป,
36,พ.ร.บ.ความปลอดภัย พ.ศ.2554,มาตรา 3,พระราชบัญญัตินี้มิให้ใช้บังคับแก่ (๑) ราชการส่วนกลาง ราชการส่วนภูมิภาค และราชการส่วนท้องถิ่น (๒) กิจการอื่นทั้งหมดหรือแต่บางส่วนตามที่กําหนดในกฎกระทรวง ให้ราชการส่วนกลาง ราชการส่วนภูมิภาค ราชการส่วนท้องถิ่น และกิจการอื่นตามที่กําหนดในกฎกระทรวงตามวรรคหนึ่ง จัดให้มีมาตรฐานในการบริหารและการจัดการด้านความปลอดภัย อาชีวอนามัยและสภาพแวดล้อมในการทํางานในหน่วยงานของตนไม่ต่ํากว่ามาตรฐานความปลอดภัย อาชีวอนามัยและสภาพแวดล้อมในการทํางานตามพระราชบัญญัตินี้,
36,พ.ร.บ.ความปลอดภัย พ.ศ.2554,มาตรา 4,ในพระราชบัญญัตินี้ “ความปลอดภัย อาชีวอนามัย และสภาพแวดล้อมในการทํางาน” หมายความว่า การกระทํา “นายจ้าง” หมายความว่า นายจ้างตามกฎหมายว่าด้วยการคุ้มครองแรงงานและให้หมายความรวมถึง ผู้ประกอบกิจการซึ่งยอมให้บุคคลหนึ่งบุคคลใดมาทํางานหรือทําผลประโยชน์ให้แก่หรือในสถานประกอบกิจการ ไม่ว่าการทํางานหรือการทําผลประโยชน์นั้นจะเป็นส่วนหนึ่งส่วนใดหรือทั้งหมดในกระบวนการผลิตหรือธุรกิจในความรับผิดชอบของผู้ประกอบกิจการนั้นหรือไม่ก็ตาม“ลูกจ้าง” หมายความว่า ลูกจ้างตามกฎหมายว่าด้วยการคุ้มครองแรงงานและให้หมายความรวมถึงผู้ซึ่งได้รับความยินยอมให้ทํางานหรือทําผลประโยชน์ให้แก่หรือในสถานประกอบกิจการของนายจ้างไม่ว่าจะเรียกชื่ออย่างไรก็ตาม“ผู้บริหาร” หมายความว่า ลูกจ้างตั้งแต่ระดับผู้จัดการในหน่วยงานขึ้นไป“หัวหน้างาน” หมายความว่า ลูกจ้างซึ่งทําหน้าที่ควบคุม ดูแล บังคับบัญชาหรือสั่งให้ลูกจ้างทํางานตามหน้าที่ของหน่วยงาน“เจ้าหน้าที่ความปลอดภัยในการทํางาน” หมายความว่า ลูกจ้างซึ่งนายจ้างแต่งตั้งให้ปฏิบัติหน้าที่ด้านความปลอดภัย อาชีวอนามัย และสภาพแวดล้อมในการทํางานตามพระราชบัญญัตินี้“สถานประกอบกิจการ” หมายความว่า หน่วยงานแต่ละแห่งของนายจ้างที่มีลูกจ้างทํางานอยู่ในหน่วยงาน“คณะกรรมการ” หมายความว่า คณะกรรมการความปลอดภัย อาชีวอนามัยและสภาพแวดล้อมในการทํางาน หรือสภาพการทํางานซึ่งปลอดจากเหตุอันจะทําให้เกิดการประสบอันตรายต่อชีวิต ร่างกาย จิตใจหรือสุขภาพอนามัยอันเนื่องจากการทํางานหรือเกี่ยวกับการทางาน “กองทุน” หมายความว่า กองทุนความปลอดภัย อาชีวอนามัย และสภาพแวดล้อมในการทํางาน“พนักงานตรวจความปลอดภัย” หมายความว่า ผู้ซึ่งรัฐมนตรีแต่งตั้งให้ปฏิบัติการตามพระราชบัญญัตินี้“อธิบดี” หมายความว่า อธิบดีกรมสวัสดิการและคุ้มครองแรงงาน“รัฐมนตรี” หมายความว่า รัฐมนตรีผู้รักษาการตามพระราชบัญญัตินี้,
36,พ.ร.บ.ความปลอดภัย พ.ศ.2554,มาตรา 5,"ให้รัฐมนตรีว่าการกระทรวงแรงงานรักษาการตามพระราชบัญญัตินี้ และให้มีอํานาจแต่งตั้งพนักงานตรวจความปลอดภัยกับออกกฎกระทรวง ประกาศ และระเบียบเพื่อปฏิบัติการตามพระราชบัญญัตินี้ รวมทั้งออกกฎกระทรวงกําหนดค่าธรรมเนียมไม่เกินอัตราท้ายพระราชบัญญัตินี้ และยกเว้นค่าธรรมเนียม การแต่งตั้งพนักงานตรวจความปลอดภัยต้องกําหนดคุณสมบัติ ขอบเขต อํานาจหน้าที่และเงื่อนไขในการปฏิบัติหน้าที่ด้วยกฎกระทรวง ประกาศ และระเบียบนั้น เมื่อได้ประกาศในราชกิจจานุเบกษาแล้วให้ใช้บังคับได้",
36,พ.ร.บ.ความปลอดภัย พ.ศ.2554,มาตรา 6,"ให้นายจ้างมีหน้าที่จัดและดูแลสถานประกอบกิจการและลูกจ้างให้มีสภาพ การทํางานและสภาพแวดล้อมในการทํางานที่ปลอดภัยและถูกสุขลักษณะ รวมทั้งส่งเสริมสนับสนุนการปฏิบัติงานของลูกจ้างมิให้ลูกจ้างได้รับอันตรายต่อชีวิต ร่างกาย จิตใจ และสุขภาพอนามัยให้ลูกจ้างมีหน้าที่ให้ความร่วมมือกับนายจ้างในการดําเนินการและส่งเสริมด้านความปลอดภัยอาชีวอนามัย และสภาพแวดล้อมในการทํางาน เพื่อให้เกิดความปลอดภัยแก่ลูกจ้างและสถานประกอบกิจการ,หมวด ๑ บททั่วไป",
36,พ.ร.บ.ความปลอดภัย พ.ศ.2554,มาตรา 7,ในกรณีที่พระราชบัญญัตินี้กําหนดให้นายจ้างต้องดําเนินการอย่างหนึ่งอย่างใด ที่ต้องเสียค่าใช้จ่าย ให้นายจ้างเป็นผู้ออกค่าใชจ้่ายเพื่อการนั้น,
36,พ.ร.บ.ความปลอดภัย พ.ศ.2554,มาตรา 8,"ให้นายจ้างบริหาร จัดการ และดําเนินการด้านความปลอดภัย อาชีวอนามัย  และสภาพแวดล้อมในการทํางาน ให้เป็นไปตามมาตรฐานที่กําหนดในกฎกระทรวงการกําหนดมาตรฐานตามวรรคหนึ่ง ให้นายจ้างจัดทําเอกสารหรือรายงานใด โดยมีการตรวจสอบหรือรับรองโดยบุคคล หรือนิติบุคคลตามที่กําหนดในกฎกระทรวงให้ลูกจ้างมีหน้าที่ปฏิบัติตามหลักเกณฑ์ด้านความปลอดภัย อาชีวอนามัย และสภาพแวดล้อมในการทํางานตามมาตรฐานที่กําหนดในวรรคหนึ่ง,หมวด ๒ การบริหาร การจัดการ และการดําเนินการด้านความปลอดภัย อาชีวอนามัยและสภาพแวดล้อมในการทํางาน",
36,พ.ร.บ.ความปลอดภัย พ.ศ.2554,มาตรา 9,บุคคลใดประสงค์จะให้บริการในการตรวจวัด ตรวจสอบ ทดสอบ รับรอง ประเมินความเสี่ยง รวมทั้งจัดฝึกอบรมหรือให้คําปรึกษาเพื่อส่งเสริมความปลอดภัยอาชีวอนามัยและสภาพแวดล้อมในการทํางานตามมาตรฐานที่กําหนดในกฎกระทรวงที่ออกตามมาตรา ๘ จะต้องขึ้นทะเบียนต่อสํานักความปลอดภัยแรงงาน กรมสวัสดิการและคุ้มครองแรงงานคุณสมบัติของผู้ขอขึ้นทะเบียน การขึ้นทะเบียน การออกใบแทนการขึ้นทะเบียน การเพิกถอนทะเบียน การกําหนดค่าบริการ และวิธีการให้บริการตามวรรคหนึ่ง ให้เป็นไปตามหลักเกณฑ์ วิธีการและเงื่อนไขที่กําหนดในกฎกระทรวง,
36,พ.ร.บ.ความปลอดภัย พ.ศ.2554,มาตรา 10,ในกรณีที่สํานักความปลอดภัยแรงงาน กรมสวัสดิการและคุ้มครองแรงงานไม่รับ ขึ้นทะเบียนหรือเพิกถอนทะเบียนตามมาตรา ๙ ผู้ขอขึ้นทะเบียนหรอผู้ถูกเพิกถอนทะเบียนมีสิทธิอุทธรณ์เป็นหนังสือต่ออธิบดีภายในสามสิบวันนับแต่วันได้รับแจ้งการไม่รับขึ้นทะเบียนหรือการเพิกถอนทะเบียนคําวินิจฉัยของอธิบดีให้เป็นที่สุด,
36,พ.ร.บ.ความปลอดภัย พ.ศ.2554,มาตรา 11,นิติบุคคลใดประสงค์จะให้บริการในการตรวจวัด ตรวจสอบ ทดสอบ รับรอง ประเมินความเสี่ยง รวมทั้งจัดฝึกอบรมหรือให้คําปรึกษาเพื่อส่งเสริมความปลอดภัย อาชีวอนามัยและสภาพแวดล้อมในการทํางานตามมาตรฐานที่กําหนดในกฎกระทรวงที่ออกตามมาตรา ๘ จะต้องได้รับใบอนุญาตจากอธิบดีคุณสมบัติของผู้ขออนุญาต การขออนุญาต การอนุญาต การขอต่ออายุใบอนุญาต การออกใบแทนใบอนุญาต การพักใช้และการเพิกถอนใบอนุญาต การกําหนดค่าบริการ และวิธีการให้บริการตามวรรคหนึ่ง ให้เป็นไปตามหลักเกณฑ์ วิธีการ และเงื่อนไขที่กําหนดในกฎกระทรวง,
36,พ.ร.บ.ความปลอดภัย พ.ศ.2554,มาตรา 12,ในกรณีที่อธิบดีไม่ออกใบอนุญาต ไม่ต่ออายุใบอนุญาต ไม่ออกใบแทนใบอนุญาต หรือพักใช้ใบอนุญาตหรือเพิกถอนใบอนุญาตที่ออกให้แก่นิติบุคคลตามมาตรา ๑๑ นิติบุคคลนั้นมีสิทธิอุทธรณ์เป็นหนังสือต่อคณะกรรมการภายในสามสิบวันนับแต่วันที่ได้รับหนังสือของอธิบดีแจ้งการไม่ออกใบอนุญาต หรือการไม่ต่ออายุใบอนุญาต หรือการเพิกถอนใบอนุญาตคําวินิจฉัยของคณะกรรมการให้เป็นที่สุด,
36,พ.ร.บ.ความปลอดภัย พ.ศ.2554,มาตรา 13,ให้นายจ้างจัดให้มีเจ้าหน้าที่ความปลอดภัยในการทํางาน บุคลากร หน่วยงาน หรือคณะบุคคลเพื่อดําเนินการด้านความปลอดภัยในสถานประกอบกิจการตามหลักเกณฑ์ วิธีการและเงื่อนไขที่กําหนดในกฎกระทรวงเจ้าหน้าที่ความปลอดภัยในการทํางานและบุคลากรตามวรรคหนึ่งจะต้องขึ้นทะเบียนต่อกรมสวัสดิการและคุ้มครองแรงงานให้นําบทบัญญัติมาตรา ๙ วรรคสอง และมาตรา ๑๐ มาใช้บังคับกับการขึ้นทะเบียนเจ้าหน้าที่ความปลอดภัยในการทํางาน โดยอนุโลม,
36,พ.ร.บ.ความปลอดภัย พ.ศ.2554,มาตรา 14,ในกรณีที่นายจ้างให้ลูกจ้างทํางานในสภาพการทํางานหรือสภาพแวดล้อมในการ ทํางานที่อาจทําให้ลูกจ้างได้รับอันตรายต่อชีวิต ร่างกาย จิตใจ หรือสุขภาพอนามัย ให้นายจ้างแจ้งให้ลูกจ้างทราบถึงอันตรายที่อาจจะเกิดขึ้นจากการทํางานและแจกคู่มือปฏิบัติงานให้ลูกจ้างทุกคนก่อนที่ลูกจ้างจะเข้าทํางาน เปลี่ยนงาน หรือเปลี่ยนสถานที่ทํางาน,
36,พ.ร.บ.ความปลอดภัย พ.ศ.2554,มาตรา 15,ในกรณีที่นายจ้างได้รับคําเตือน คําสั่ง หรือคําวินิจฉัยของอธิบดี คําสั่งของ พนักงานตรวจความปลอดภัย หรือคําวินิจฉัยของคณะกรรมการให้ปฏิบัติการตามพระราชบัญญัตินี้ให้นายจ้างแจ้งหรือปิดประกาศคําเตือน คําสั่ง หรือคําวินิจฉัยดังกล่าว ในที่ที่เห็นได้ง่าย ณ สถานประกอบกิจการเป็นเวลาไม่น้อยกว่าสิบห้าวันนับแตว่ ันที่ได้รับแจ้ง,
36,พ.ร.บ.ความปลอดภัย พ.ศ.2554,มาตรา 16,ให้นายจ้างจัดให้ผู้บริหาร หัวหน้างาน และลูกจ้างทุกคนได้รับการฝึกอบรม ความปลอดภัย อาชีวอนามัย และสภาพแวดล้อมในการทํางาน เพื่อให้บริหารจัดการ และดําเนินการด้านความปลอดภัย อาชีวอนามัย และสภาพแวดล้อมในการทํางานได้อย่างปลอดภัยในกรณีที่นายจ้างรับลูกจ้างเข้าทํางาน เปลี่ยนงาน เปลี่ยนสถานที่ทํางาน หรือเปลี่ยนแปลงเครื่องจักรหรืออุปกรณ์ ซึ่งอาจทําให้ลูกจ้างได้รับอันตรายต่อชีวิต ร่างกาย จิตใจ หรือสุขภาพอนามัยให้นายจ้างจัดให้มีการฝึกอบรมลูกจ้างทุกคนก่อนการเริ่มทํางานการฝึกอบรมตามวรรคหนึ่งและวรรคสอง ให้เป็นไปตามหลักเกณฑ์ วิธีการ และเงื่อนไขที่อธิบดีประกาศกําหนด,
36,พ.ร.บ.ความปลอดภัย พ.ศ.2554,มาตรา 17,ให้นายจ้างติดประกาศสัญลักษณ์เตือนอันตรายและเครื่องหมายเกี่ยวกับ ความปลอดภัย อาชีวอนามัย และสภาพแวดล้อมในการทํางาน รวมทั้งข้อความแสดงสิทธิและหน้าที่ของนายจ้างและลูกจ้างตามที่อธิบดีประกาศกําหนดในที่ที่เห็นได้ง่าย ณ สถานประกอบกิจการ,
36,พ.ร.บ.ความปลอดภัย พ.ศ.2554,มาตรา 18,ในกรณีที่สถานที่ใดมีสถานประกอบกิจการหลายแห่ง ให้นายจ้างทุกราย ของสถานประกอบกิจการในสถานที่นั้น มีหน้าที่ร่วมกันดําเนินการด้านความปลอดภัย อาชีวอนามัยและสภาพแวดล้อมในการทํางานให้เป็นไปตามพระราชบัญญัตินี้ลูกจ้างซึ่งทํางานในสถานประกอบกิจการตามวรรคหนึ่ง รวมทั้งลูกจ้างซึ่งทํางานในสถานประกอบกิจการอื่นที่ไม่ใช่ของนายจ้าง ต้องปฏิบัติตามหลักเกณฑ์เกี่ยวกับความปลอดภัย อาชีวอนามัยและสภาพแวดล้อมในการทํางานซึ่งใช้ในสถานประกอบกิจการนั้นด้วย,
36,พ.ร.บ.ความปลอดภัย พ.ศ.2554,มาตรา 19,ในกรณีที่นายจ้างเช่าอาคาร สถานที่ เครื่องมือ เครื่องจักร อุปกรณ์ หรือสิ่งอื่นใด ที่นํามาใช้ในสถานประกอบกิจการ ให้นายจ้างมีอํานาจดําเนินการด้านความปลอดภัย อาชีวอนามัยและสภาพแวดล้อมในการทํางานเกี่ยวกับอาคารสถานที่ เครื่องมือ เครื่องจักร อุปกรณ์หรือสิ่งอื่นใดที่เช่านั้นตามมาตรฐานที่กําหนดในกฎกระทรวงที่ออกตามมาตรา ๘การดําเนินการตามวรรคหนึ่งไม่ก่อให้เกิดสิทธิแก่ผู้มีกรรมสิทธิ์ในอาคาร สถานที่ เครื่องมือเครื่องจักร อุปกรณ์หรือสิ่งอื่นใดซึ่งให้เช่า หรือผู้ให้เช่าในอันที่จะเรียกร้องค่าเสียหายหรือค่าทดแทนใด ๆตลอดจนการบอกเลิกสัญญาเช่า,
36,พ.ร.บ.ความปลอดภัย พ.ศ.2554,มาตรา 20,ให้ผู้บริหารหรือหัวหน้างานมีหน้าที่สนับสนุนและร่วมมือกับนายจ้างและบุคลากรอื่น เพื่อปฏิบัติการให้เป็นไปตามมาตรา ๘ มาตรา ๑๖ มาตรา ๑๘ และมาตรา ๒๒,
36,พ.ร.บ.ความปลอดภัย พ.ศ.2554,มาตรา 21,ลูกจ้างมีหน้าที่ดูแลสภาพแวดล้อมในการทํางานตามมาตรฐานที่กําหนด ในกฎกระทรวงที่ออกตามมาตรา ๘ เพื่อให้เกิดความปลอดภัยต่อชีวิต ร่างกาย จิตใจ และสุขภาพอนามัยโดยคํานึงถึงสภาพของงานและพื้นที่ที่รับผิดชอบในกรณีที่ลูกจ้างทราบถึงข้อบกพร่องหรือการชํารุดเสียหาย และไม่สามารถแก้ไขได้ด้วยตนเองให้แจ้งต่อเจ้าหน้าที่ความปลอดภัยในการทํางาน หัวหน้างาน หรือผู้บริหาร และให้เจ้าหน้าที่ความปลอดภัยในการทํางาน หัวหน้างาน หรือผู้บรหาร ิ แจ้งเป็นหนังสือต่อนายจ้างโดยไม่ชักช้าในกรณีที่หัวหน้างานทราบถึงข้อบกพร่องหรือการชํารุดเสียหายซึ่งอาจทําให้ลูกจ้างได้รับอันตรายต่อชีวิต ร่างกาย จิตใจ หรือสุขภาพอนามัย ต้องดําเนินการป้องกันอันตรายนั้นภายในขอบเขตที่รับผิดชอบหรือที่ได้รับมอบหมายทันทีที่ทราบ กรณีไม่อาจดําเนินการได้ ให้แจ้งผู้บริหารหรือนายจ้างดําเนินการแก้ไขโดยไม่ชักช้า,
36,พ.ร.บ.ความปลอดภัย พ.ศ.2554,มาตรา 22,ให้นายจ้างจัดและดูแลให้ลูกจ้างสวมใส่อุปกรณ์คุ้มครองความปลอดภัยส่วนบุคคล ที่ได้มาตรฐานตามที่อธิบดีประกาศกําหนดลูกจ้างมีหน้าที่สวมใส่อุปกรณ์คุ้มครองความปลอดภัยส่วนบุคคลและดูแลรักษาอุปกรณ์ตามวรรคหนึ่งให้สามารถใช้งานได้ตามสภาพและลักษณะของงานตลอดระยะเวลาทํางานในกรณีที่ลูกจ้างไม่สวมใส่อุปกรณ์ดังกล่าว ให้นายจ้างสั่งให้ลูกจ้างหยุดการทํางานนั้นจนกว่าลูกจ้างจะสวมใส่อุปกรณ์ดังกล่าว,
36,พ.ร.บ.ความปลอดภัย พ.ศ.2554,มาตรา 23,ให้ผู้รับเหมาชั้นต้นและผู้รับเหมาช่วงตามกฎหมายว่าด้วยการคุ้มครองแรงงาน มีหน้าที่ดําเนินการด้านความปลอดภัย อาชีวอนามัย และสภาพแวดล้อมในการทํางานของลูกจ้างเช่นเดียวกับนายจ้างในกรณีที่นายจ้างเป็นผู้รับเหมาช่วง และมีผู้รับเหมาช่วงถัดขึ้นไป ให้ผู้รับเหมาช่วงถัดขึ้นไปตลอดสายจนถึงผู้รับเหมาชั้นต้นที่มีลูกจ้างทํางานในสถานประกอบกิจการเดียวกัน มีหน้าที่ร่วมกันในการจัดสถานที่ทํางานให้มีสภาพการทํางานที่ปลอดภัย และมีสภาพแวดล้อมในการทํางานที่ถูกสุขลักษณะเพื่อให้เกิดความปลอดภัยแก่ลูกจ้างทุกคน,
36,พ.ร.บ.ความปลอดภัย พ.ศ.2554,มาตรา 24,"ให้มีคณะกรรมการคณะหนึ่ง เรียกว่า “คณะกรรมการความปลอดภัย อาชีวอนามัย และสภาพแวดล้อมในการทํางาน” ประกอบด้วย ปลัดกระทรวงแรงงานเป็นประธานกรรมการ อธิบดีกรมควบคุมมลพิษ อธิบดีกรมควบคุมโรค อธิบดีกรมพัฒนาฝีมือแรงงาน อธิบดีกรมโยธาธิการและผังเมืองอธิบดีกรมโรงงานอุตสาหกรรม อธิบดีกรมส่งเสริมการปกครองท้องถิ่น และอธิบดีกรมสวัสดิการและคุ้มครองแรงงาน เป็นกรรมการ กับผู้แทนฝ่ายนายจ้างและผู้แทนฝ่ายลูกจ้าง ฝ่ายละแปดคนและผู้ทรงคุณวุฒิอีกห้าคนซึ่งรัฐมนตรีแต่งตั้งเป็นกรรมการให้ข้าราชการกรมสวัสดิการและคุ้มครองแรงงานซึ่งรัฐมนตรีแต่งตั้งเป็นเลขานุการการได้มาและการพ้นจากตําแหน่งของผู้แทนฝ่ายนายจ้างและฝ่ายลูกจ้างตามวรรคหนึ่งให้เป็นไปตามหลักเกณฑ์ วิธีการ และเงื่อนไขที่รัฐมนตรีประกาศกาหนด ํ โดยต้องคํานึงถึงการมีส่วนร่วมของทั้งหญิงและชาย ผู้ทรงคุณวุฒิต้องเป็นผู้มีความรู้ ความเชี่ยวชาญ มีผลงานหรือประสบการณ์ที่เกี่ยวข้องกับความปลอดภัย อาชีวอนามัย และสภาพแวดล้อมในการทํางาน โดยต้องคํานึงถึงการมีส่วนร่วมของทั้งหญิงและชาย ,หมวด ๓ คณะกรรมการความปลอดภัย อาชีวอนามัย และสภาพแวดล้อมในการทํางาน",
36,พ.ร.บ.ความปลอดภัย พ.ศ.2554,มาตรา 25,คณะกรรมการมีอํานาจหน้าที่ดังต่อไปนี้ (๑) เสนอความเห็นต่อรัฐมนตรีเกี่ยวกับนโยบาย แผนงาน หรือมาตรการความปลอดภัยอาชีวอนามยั และการพัฒนาสภาพแวดล้อมในการทํางาน(๒) เสนอความเห็นต่อรัฐมนตรีในการออกกฎกระทรวง ประกาศ และระเบียบ เพื่อปฏิบัติการตามพระราชบัญญัตินี้(๓) ให้ความเห็นแก่หน่วยงานของรัฐเกี่ยวกับการส่งเสริมความปลอดภัย อาชีวอนามัยและสภาพแวดล้อมในการทํางาน(๔) วินิจฉัยอุทธรณ์ตามมาตรา ๑๒ มาตรา ๓๓ วรรคสาม และมาตรา ๔๐ วรรคสอง(๕) ปฏิบัติการอื่นใดตามที่พระราชบัญญัตินี้หรือกฎหมายอื่นบัญญัติให้เป็นอํานาจหน้าที่ของคณะกรรมการหรือตามที่รัฐมนตรีมอบหมาย,
36,พ.ร.บ.ความปลอดภัย พ.ศ.2554,มาตรา 26,กรรมการผู้ทรงคุณวุฒิมีวาระอยู่ในตําแหน่งคราวละสองปี กรรมการผู้ทรงคุณวุฒิ ซึ่งพ้นจากตําแหน่งอาจได้รับแต่งตั้งอีกได้ในกรณีที่กรรมการผู้ทรงคุณวุฒิพ้นจากตําแหน่งก่อนวาระ ให้รัฐมนตรีแต่งตั้งกรรมการแทนตําแหน่งที่ว่าง และให้ผู้ได้รับแต่งตั้งให้ดํารงตําแหน่งแทนอยู่ในตําแหน่งเท่ากับวาระที่เหลืออยู่ของกรรมการผู้ทรงคุณวุฒิซึ่งตนแทนในกรณีที่กรรมการผู้ทรงคุณวุฒิพ้นจากตําแหน่งตามวาระ แต่ยังมิได้มีการแต่งตั้งกรรมการใหม่ให้กรรมการนั้นปฏิบัติหน้าที่ไปพลางก่อนจนกว่ากรรมการผู้ทรงคุณวุฒิท่ไดี ้รับแต่งตั้งจะเข้ารับหน้าที่,
36,พ.ร.บ.ความปลอดภัย พ.ศ.2554,มาตรา 27,นอกจากการพ้นจากตําแหน่งตามวาระตามมาตรา ๒๖ กรรมการผู้ทรงคุณวุฒิ พ้นจากตําแหน่ง เมื่อ(๑) ตาย(๒) ลาออก(๓) รัฐมนตรีให้ออก เมื่อขาดประชุมสามครั้งติดต่อกันโดยไม่มีเหตุอันสมควร(๔) เป็นบุคคลล้มละลาย(๕) เป็นบุคคลวิกลจริต หรือจิตฟั่นเฟือน๖) เป็นคนไร้ความสามารถหรือคนเสมือนไร้ความสามารถ(๗) ต้องคําพิพากษาว่าได้กระทําความผิดตามพระราชบัญญัตินี้(๘) ได้รับโทษจําคุกโดยคําพิพากษาถึงที่สุดให้จําคุก เว้นแต่เป็นโทษสําหรับความผิดที่ได้กระทําโดยประมาทหรือความผิดฐานหมิ่นประมาทหรือความผิดลหุโทษ,
36,พ.ร.บ.ความปลอดภัย พ.ศ.2554,มาตรา 28,การประชุมคณะกรรมการต้องมีกรรมการมาประชุมไม่น้อยกว่ากึ่งหนึ่งของจํานวน กรรมการทั้งหมด โดยมกรรมการผ ี ู้แทนฝ่ายนายจ้างและฝ่ายลูกจ้างอย่างน้อยฝ่ายละหนึ่งคน จึงจะเป็นองค์ประชุมในการประชุมเพื่อพิจารณาวินิจฉัยอุทธรณ์คราวใด ถ้าไม่ได้องค์ประชุมตามที่กําหนดไว้ในวรรคหนึ่ง ให้จัดให้มีการประชุมอีกครั้งภายในสิบห้าวันนับแต่วันที่นัดประชุมครั้งแรก การประชุมครั้งหลังแม้ไม่มีกรรมการซึ่งมาจากฝ่ายนายจ้างหรือฝ่ายลูกจ้างมาร่วมประชุม ถ้ามีกรรมการมาประชุมไม่น้อยกว่ากึ่งหนึ่งของจํานวนกรรมการทั้งหมด ก็ให้ถือเป็นองค์ประชุมในการประชุมคราวใด ถ้าประธานกรรมการไม่มาประชุมหรือไม่สามารถปฏิบัติหน้าที่ได้ให้กรรมการซึ่งมาประชุมเลือกกรรมการคนหนึ่งเป็นประธานในที่ประชุมสําหรับการประชุมคราวนั้นมติที่ประชุมให้ถือเสียงข้างมาก กรรมการคนหนึ่งมีเสียงหนึ่งในการลงคะแนน ถ้าคะแนนเสียงเท่ากัน ให้ประธานในที่ประชุมออกเสียงเพิ่มขึ้นอีกเสียงหนึ่งเป็นเสียงชี้ขาด,
36,พ.ร.บ.ความปลอดภัย พ.ศ.2554,มาตรา 29,คณะกรรมการมีอํานาจแต่งตั้งคณะอนุกรรมการเพื่อพิจารณาหรือปฏิบัติการ อย่างหนึ่งอย่างใดตามที่คณะกรรมการมอบหมายได้ให้คณะกรรมการกําหนดองค์ประชุมและวิธีดําเนินงานของคณะอนุกรรมการได้ตามความเหมาะสม,
36,พ.ร.บ.ความปลอดภัย พ.ศ.2554,มาตรา 30,ในการปฏิบัติหน้าที่ตามพระราชบัญญัตินี้ ให้กรรมการและอนุกรรมการได้รับเบี้ยประชุม,
36,พ.ร.บ.ความปลอดภัย พ.ศ.2554,มาตรา 31,"ให้กรมสวัสดิการและคุ้มครองแรงงาน กระทรวงแรงงานรับผิดชอบงานธุรการ ของคณะกรรมการ และมีอํานาจหน้าที่ดังต่อไปนี้(๑) สรรหา รวบรวม และวิเคราะห์ข้อมูลด้านความปลอดภัย อาชีวอนามัย และสภาพแวดล้อมในการทํางานเพื่อการจัดทํานโยบาย แผนงาน โครงการด้านความปลอดภัย อาชีวอนามัยและสภาพแวดล้อมในการทํางานเสนอต่อคณะกรรมการ (๒) จัดทําแนวทางการกําหนดมาตรฐานความปลอดภัย อาชีวอนามัย และสภาพแวดล้อมในการทํางานเสนอต่อคณะกรรมการ (๓) จัดทําแผนปฏิบัติการด้านความปลอดภัย อาชีวอนามัย และสภาพแวดล้อมในการทํางานประจําปีเสนอต่อคณะกรรมการ (๔) ประสานแผนและการดําเนินการของคณะกรรมการและคณะอนุกรรมการตลอดจนหน่วยงานที่เกี่ยวข้อง, (๕) ติดตามและประเมินผลการปฏิบัติงานตามมติของคณะกรรมการ, (๖) รับผิดชอบงานธุรการของคณะอนุกรรมการ, (๗) ปฏิบัติหน้าที่อื่นตามที่คณะกรรมการหรือคณะอนกรรมการมอบหมาย",
36,พ.ร.บ.ความปลอดภัย พ.ศ.2554,มาตรา 32,"เพื่อประโยชน์ในการควบคุม กํากับ ดูแลการดําเนินการด้านความปลอดภัย อาชีวอนามัย และสภาพแวดล้อมในการทํางาน ให้นายจ้างดําเนินการดังต่อไปนี้(๑) จัดให้มีการประเมินอันตราย(๒) ศึกษาผลกระทบของสภาพแวดล้อมในการทํางานที่มีผลต่อลูกจ้าง(๓) จัดทําแผนการดําเนินงานด้านความปลอดภัย อาชีวอนามัย และสภาพแวดล้อมในการทํางานและจัดทําแผนการควบคุมดูแลลูกจางและสถานประกอบก ้ ิจการ(๔) ส่งผลการประเมินอันตราย การศึกษาผลกระทบ แผนการดําเนินงานและแผนการควบคุมตาม (๑) (๒) และ (๓) ให้อธิบดีหรือผู้ซึ่งอธิบดีมอบหมายหลักเกณฑ์ วิธีการ และเงื่อนไขในการดําเนินการตามวรรคหนึ่ง ประเภทกิจการ ขนาดของกิจการที่ต้องดําเนินการ และระยะเวลาที่ต้องดําเนินการ ให้เป็นไปตามที่รัฐมนตรีกําหนดโดยประกาศในราชกิจจานุเบกษาในการดําเนินการตามวรรคหนึ่ง นายจ้างจะต้องปฏิบัติตามคําแนะนําและได้รับการรับรองผลจากผู้ชํานาญการด้านความปลอดภัย อาชีวอนามัย และสภาพแวดล้อมในการทํางาน,หมวด ๔ การควบคุม กํากับ ดูแล"
36,พ.ร.บ.ความปลอดภัย พ.ศ.2554,มาตรา 33,"ผู้ใดจะทําการเป็นผู้ชํานาญการด้านความปลอดภัย อาชีวอนามัยและสภาพแวดล้อม ในการทํางานจะต้องได้รับใบอนุญาตจากอธิบดีตามพระราชบัญญัตินี้ การขอใบอนุญาต การออกใบอนุญาต คุณสมบัติของผู้ชํานาญการ การควบคุมการปฏิบัติงานของผู้ได้รับใบอนุญาต การต่ออายุใบอนุญาต การออกใบแทนใบอนุญาต การสั่งพักใช้ และการเพิกถอนใบอนุญาตตามวรรคหนึ่ง ให้เป็นไปตามหลักเกณฑ์ วิธีการและเงื่อนไขที่กําหนดในกฎกระทรวงให้นําบทบัญญัติในมาตรา ๑๒ มาใช้บังคับกับการอนุญาตเป็นผู้ชํานาญการด้านความปลอดภัยอาชีวอนามัย และสภาพแวดล้อมในการทางาน ํ โดยอนุโลม",
36,พ.ร.บ.ความปลอดภัย พ.ศ.2554,มาตรา 34,"ในกรณีที่สถานประกอบกิจการใดเกิดอุบัติภัยร้ายแรง หรือลูกจ้างประสบอันตรายจากการทํางาน ให้นายจ้างดําเนินการดังต่อไปนี้(๑) กรณีที่ลูกจ้างเสียชีวิต ให้นายจ้างแจ้งต่อพนักงานตรวจความปลอดภัยในทันทีที่ทราบโดยโทรศัพท์ โทรสาร หรือวิธีอื่นใดที่มีรายละเอียดพอสมควร และให้แจ้งรายละเอียดและสาเหตุเป็นหนังสือภายในเจ็ดวันนับแต่วันที่ลูกจ้างเสียชีวิต(๒) กรณีที่สถานประกอบกิจการได้รับความเสียหายหรือต้องหยุดการผลิต หรือมีบุคคลในสถานประกอบกิจการประสบอันตรายหรือได้รับความเสียหาย อันเนื่องมาจากเพลิงไหม้ การระเบิดสารเคมีรั่วไหล หรืออุบตัิภัยร้ายแรงอื่น ให้นายจ้างแจ้งต่อพนักงานตรวจความปลอดภัยในทันทีที่ทราบโดยโทรศัพท์ โทรสาร หรือวิธีอื่นใด และให้แจ้งเป็นหนังสือโดยระบุสาเหตุอันตรายที่เกิดขึ้นความเสียหาย การแก้ไขและวิธีการป้องกันการเกิดซ้ําอีกภายในเจ็ดวันนับแต่วันเกิดเหตุ (๓) กรณีที่มีลูกจ้างประสบอันตราย หรือเจ็บป่วยตามกฎหมายว่าด้วยเงินทดแทน เมื่อนายจ้างแจ้งการประสบอันตรายหรือเจ็บป่วยต่อสํานักงานประกันสังคมตามกฎหมายดังกล่าวแล้ว ให้นายจ้างส่งสําเนาหนังสือแจ้งนั้นต่อพนักงานตรวจความปลอดภัยภายในเจ็ดวันด้วยการแจ้งเป็นหนังสือตามวรรคหนึ่ง ให้เป็นไปตามแบบที่อธิบดีประกาศกําหนดและเมื่อพนักงานตรวจความปลอดภัยได้รับแจ้งแล้ว ใหด้ ําเนินการตรวจสอบและหามาตรการป้องกันอันตรายโดยเร็ว",
36,พ.ร.บ.ความปลอดภัย พ.ศ.2554,มาตรา 35,"ในการปฏิบัติหน้าที่ตามพระราชบัญญัตินี้ ให้พนักงานตรวจความปลอดภัย มีอํานาจดังต่อไปนี้(๑) เข้าไปในสถานประกอบกิจการหรือสํานักงานของนายจ้างในเวลาทําการหรือเมื่อเกิดอุบัติภัย (๒) ตรวจสอบหรือบันทึกภาพและเสียงเกี่ยวกับสภาพแวดล้อมในการทํางานที่เกี่ยวกับความปลอดภัย อาชีวอนามัย และสภาพแวดล้อมในการทํางาน(๓) ใช้เครื่องมือในการตรวจวัดหรือตรวจสอบเครื่องจักร หรืออุปกรณ์ในสถานประกอบกิจการ(๔) เก็บตัวอย่างของวัสดุหรือผลิตภัณฑ์ใด ๆ มาเพื่อการวิเคราะห์เกี่ยวกับความปลอดภัย(๕) สอบถามข้อเท็จจริง หรือสอบสวนเรื่องใด ๆ ภายในขอบเขตอํานาจและเรียกบุคคลที่เกี่ยวข้องมาชี้แจง รวมทั้งตรวจสอบหรือให้ส่งเอกสารหลักฐานที่เกี่ยวข้องและเสนอแนะมาตรการป้องกันอันตรายต่ออธิบดีโดยเร็ว,หมวด ๕ พนักงานตรวจความปลอดภัย"
36,พ.ร.บ.ความปลอดภัย พ.ศ.2554,มาตรา 36,ในกรณีที่พนักงานตรวจความปลอดภัยพบว่า นายจ้าง ลูกจ้างหรือผู้ที่เกี่ยวข้อง ผู้ใดฝ่าฝืนหรือไม่ปฏิบัติตามพระราชบัญญัตินี้ หรือกฎกระทรวงซึ่งออกตามพระราชบัญญัตินี้ หรือพบว่าสภาพแวดล้อมในการทํางาน อาคาร สถานที่ เครื่องจักรหรืออุปกรณ์ที่ลูกจ้างใช้จะก่อให้เกิดความไม่ปลอดภัยแก่ลูกจ้าง ให้พนักงานตรวจความปลอดภัยมีอํานาจสั่งให้ผู้นั้นหยุดการกระทําที่ฝ่าฝืน แก้ไขปรับปรุง หรือปฏิบัติให้ถูกต้องหรือเหมาะสมภายในระยะเวลาสามสิบวัน ถ้ามีเหตุจําเป็นไม่อาจดําเนินการให้แล้วเสร็จภายในกําหนดเวลาดังกล่าวได้ พนักงานตรวจความปลอดภัยอาจขยายระยะเวลาออกไปได้ไม่เกินสองครั้ง ครั้งละสามสิบวันนับแต่วันที่ครบกําหนดเวลาดังกล่าวในกรณีจําเป็นเมื่อได้รับอนุมัติจากอธิบดีหรือผู้ซึ่งอธิบดีมอบหมาย ให้พนักงานตรวจความปลอดภัยมีอํานาจสั่งให้หยุดการใช้เครื่องจักร อุปกรณ์ อาคารสถานที่ หรือผูกมัดประทับตราสิ่งที่อาจจะก่อให้เกิดอันตรายอย่างร้ายแรงต่อลูกจ้างดังกล่าวทั้งหมดหรือบางส่วนเป็นการชั่วคราว ในระหว่างการปฏิบัติตามคําสั่งของพนักงานตรวจความปลอดภัยได้ เมื่อนายจ้างได้ปรับปรุงแก้ไขให้ถูกต้องตามคําสั่งของพนักงานตรวจความปลอดภัยตามวรรคหนึ่งแล้ว ให้นายจ้างแจ้งอธิบดีหรือผู้ซึ่งอธิบดีมอบหมายเพื่อพิจารณาเพิกถอนคําสั่งดังกล่าวได้,
36,พ.ร.บ.ความปลอดภัย พ.ศ.2554,มาตรา 37,"ในกรณีที่นายจ้างไม่ปฏิบัติตามคําสั่งของพนักงานตรวจความปลอดภัย ตามมาตรา ๓๖ ถ้ามีเหตุอันอาจก่อให้เกิดอันตรายอย่างร้ายแรงที่กรมสวัสดิการและคุ้มครองแรงงานสมควรเข้าไปดําเนินการแทน ให้อธิบดีหรือผู้ซึ่งอธิบดีมอบหมายมีอํานาจสั่งให้พนักงานตรวจความปลอดภัยหรือมอบหมายให้บุคคลใดเข้าจัดการแก้ไขเพื่อให้เป็นไปตามคําสั่งนั้นได้ ในกรณีเช่นนี้นายจ้างต้องเป็นผู้เสียค่าใช้จ่ายสําหรับการเข้าจัดการแก้ไขนั้นตามจํานวนที่จ่ายจริง ก่อนที่อธิบดีหรือผู้ซึ่งอธิบดีมอบหมายจะดําเนินการตามวรรคหนึ่ง จะต้องมีคําเตือนเป็นหนังสือให้นายจ้างปฏิบัติตามคําสั่งของพนักงานตรวจความปลอดภัยภายในระยะเวลาที่กําหนด คําเตือนดังกล่าวจะกําหนดไปพร้อมกับคําสั่งของพนักงานตรวจความปลอดภัยก็ได้ในการดําเนินการตามวรรคหนึ่ง ให้กรมสวัสดิการและคุ้มครองแรงงานขอรับเงินช่วยเหลือจากกองทุนเพื่อเป็นเงินทดรองจ่ายในการดําเนินการได้ และเมื่อได้รับเงินจากนายจ้างแล้วให้ชดใช้เงินช่วยเหลือที่ได้รับมาคืนแก่กองทุน",
36,พ.ร.บ.ความปลอดภัย พ.ศ.2554,มาตรา 38,ให้อธิบดีมีอํานาจออกคําสั่งเป็นหนังสือให้ยึด อายัด และขายทอดตลาด ทรัพย์สินนของนายจ้างซึ่งไม่จ่ายค่าใช้จ่ายในการดําเนินการตามมาตรา ๓๗ ทั้งนี้ เพียงเท่าที่จําเป็นเพื่อเป็นค่าใช้จ่ายสําหรับการเข้าจัดการแก้ไขตามจํานวนที่จ่ายจริงการมีคําสั่งให้ยึดหรืออายัดทรัพย์สินตามวรรคหนึ่งจะกระทําได้ต่อเมื่อได้แจ้งเป็นหนังสือให้นายจ้างนําเงินค่าใช้จ่ายมาจ่ายภายในระยะเวลาที่กําหนด แต่ต้องไม่น้อยกว่าสามสิบวันนับแต่วันท่ีนายจ้างได้รับหนังสือนั้นและนายจ้างไม่จ่ายภายในระยะเวลาที่กําหนดหลักเกณฑ์ วิธีการ และเงื่อนไขในการยึด อายัด และขายทอดตลาดทรัพย์สินตามวรรคหนึ่งให้เป็นไปตามระเบียบที่รัฐมนตรีกําหนด ทั้งนี้ ให้นําหลักเกณฑ์ วิธีการ และเงื่อนไขตามประมวลกฎหมายวิธีพิจารณาความแพ่งมาใช้บังคับโดยอนุโลมเงินที่ได้จากการขายทอดตลาดทรัพย์สินให้หักไว้เป็นค่าใช้จ่ายในการยึด อายัด และขายทอดตลาดและชําระค่าใช้จ่ายที่นายจ้างต้องเป็นผู้จ่ายตามมาตรา ๓๗ ถ้ามีเงินเหลือให้คืนแก่นายจ้างโดยเร็วโดยให้พนักงานตรวจความปลอดภัยมีหนังสือแจ้งให้ทราบเพื่อขอรับเงินที่เหลือคืนโดยส่งทางไปรษณีย์ลงทะเบียนตอบรับ ถ้านายจ้างไม่มาขอรับคืนภายในห้าปีนับแต่วันได้รับแจ้ง ให้เงินดังกล่าวตกเป็นของกองทุน,
36,พ.ร.บ.ความปลอดภัย พ.ศ.2554,มาตรา 39,ระหว่างหยุดการทํางานหรือหยุดกระบวนการผลิตตามมาตรา ๓๖ ให้นายจ้าง จ่ายเงินให้แก่ลูกจ้างที่เกี่ยวข้องกับการหยุดการทํางานหรือการหยุดกระบวนการผลิตนั้นเท่ากับค่าจ้างหรือสิทธิประโยชน์อื่นใดที่ลูกจ้างต้องได้รับ เว้นแต่ลูกจ้างรายนั้นจงใจกระทําการอันเป็นเหตุให้มีการหยุดการทํางานหรือหยุดกระบวนการผลิต,
36,พ.ร.บ.ความปลอดภัย พ.ศ.2554,มาตรา 40,"ในกรณีที่พนักงานตรวจความปลอดภัยมีคําสั่งตามมาตรา ๓๖ วรรคหนึ่ง หากนายจ้าง ลูกจ้าง หรือผู้ที่เกี่ยวข้องไม่เห็นด้วย ให้มีสิทธิอุทธรณ์เป็นหนังสือต่ออธิบดีได้ภายในสามสิบวันนับแต่วันที่ทราบคําสั่ง ให้อธิบดีวินิจฉัยอุทธรณ์ภายในสามสิบวันนับแต่วันที่รับอุทธรณ์ คําวินิจฉัยของอธิบดีให้เป็นที่สุด ในกรณีที่พนักงานตรวจความปลอดภัยมีคําสั่งตามมาตรา ๓๖ วรรคสอง หากนายจ้าง ลูกจ้างหรือผู้ที่เกี่ยวข้องไม่เห็นด้วย ให้มีสิทธิอุทธรณ์เป็นหนังสือต่อคณะกรรมการได้ภายในสามสิบวันนับแต่วันที่ทราบคําสั่ง ให้คณะกรรมการวินิจฉัยอุทธรณ์ภายในสามสิบวันนับแต่วันที่รับอุทธรณ์ คําวินิจฉัยของคณะกรรมการให้เป็นที่สุดการอุทธรณ์ ย่อมไม่เป็นการทุเลาการปฏิบัติตามคําสั่งของพนักงานตรวจความปลอดภัย เว้นแต่อธิบดีหรือคณะกรรมการ แล้วแต่กรณี จะมีคําสั่งเป็นอย่างอื่น",
36,พ.ร.บ.ความปลอดภัย พ.ศ.2554,มาตรา 41,ในการปฏิบัติตามหน้าที่ พนักงานตรวจความปลอดภัยต้องแสดงบัตรประจําตัว เมื่อผู้ที่เกี่ยวข้องร้องขอบัตรประจําตัวพนักงานตรวจความปลอดภัย ให้เป็นไปตามแบบที่รัฐมนตรีประกาศกําหนด,
36,พ.ร.บ.ความปลอดภัย พ.ศ.2554,มาตรา 42,ห้ามนายจ้างเลิกจ้างลูกจ้าง หรือโยกย้ายหน้าที่การงานของลูกจ้างเพราะเหตุที่ ลูกจ้างดําเนินการฟ้องร้องหรือเป็นพยานหรือให้หลักฐานหรือให้ข้อมูลเกี่ยวกับความปลอดภัย อาชีวอนามัยและสภาพแวดล้อมในการทํางานต่อพนักงานตรวจความปลอดภัย หรือคณะกรรมการ ตามพระราชบัญญัตินี้หรือต่อศาล,
36,พ.ร.บ.ความปลอดภัย พ.ศ.2554,มาตรา 43,ในกรณีที่นายจ้าง ลูกจ้าง หรือผู้ที่เกี่ยวข้องได้ปฏิบัติตามคําสั่งของพนักงานตรวจความปลอดภัยตามมาตรา ๓๖ ภายในระยะเวลาที่กําหนด      การดําเนินคดีอาญาต่อนายจ้างลูกจ้าง หรือผู้ที่เกี่ยวข้องให้เป็นอันระงับไป,
36,พ.ร.บ.ความปลอดภัย พ.ศ.2554,มาตรา 44,"ให้จัดตั้งกองทุนขึ้นกองทุนหนึ่งในกรมสวัสดิการและคุ้มครองแรงงานเรียกว่า      “กองทุนความปลอดภัย อาชีวอนามัย และสภาพแวดล้อมในการทํางาน” เพื่อเป็นทุนใช้จ่ายในการดําเนินการด้านความปลอดภัย อาชีวอนามัย และสภาพแวดล้อมในการทํางานตามพระราชบัญญัตินี้,หมวด ๖ กองทุนความปลอดภัย อาชีวอนามัย และสภาพแวดลอมในการทำงาน"
36,พ.ร.บ.ความปลอดภัย พ.ศ.2554,มาตรา 45,กองทุนประกอบด้วย (๑) เงินทุนประเดิมที่รัฐบาลจัดสรรให้(๒) เงินรายปีที่ได้รับการจัดสรรจากกองทุนเงินทดแทนตามกฎหมายว่าด้วยเงินทดแทน(๓) เงินค่าปรับที่ได้จากการลงโทษผู้กระทําผิดตามพระราชบัญญัตินี้(๔) เงินอุดหนุนจากรัฐบาล(๕) เงินหรือทรัพย์สินที่มีผู้บริจาคให้(๖) ผลประโยชน์ที่ได้จากเงินของกองทุน(๗) ค่าธรรมเนียมใบอนุญาตและใบสําคัญการขึ้นทะเบียนตามมาตรา ๙ มาตรา ๑๑ มาตรา ๑๓และมาตรา ๓๓(๘) ดอกผลที่เกิดจากเงินหรือทรัพย์สินของกองทุน(๙) รายได้อื่น ๆ,
36,พ.ร.บ.ความปลอดภัย พ.ศ.2554,มาตรา 46,เงินกองทุนให้ใช้จ่ายเพื่อกิจการดังต่อไปนี้ (๑) การรณรงค์ส่งเสริมความปลอดภัย อาชีวอนามัย และสภาพแวดล้อมในการทํางานและการพัฒนา แก้ไขและบริหารงานความปลอดภัย อาชีวอนามัย และสภาพแวดล้อมในการทํางานทั้งนี้ โดยความเห็นชอบของคณะกรรมการบริหารกองทุนความปลอดภัย อาชีวอนามัย และสภาพแวดล้อมในการทํางาน(๒) ช่วยเหลือและอุดหนุนหน่วยงานของรัฐ สมาคม มูลนิธิ องค์กรเอกชน หรือบุคคลที่เสนอโครงการหรือแผนงานในการดําเนินการส่งเสริม สนับสนุนการศึกษาวิจัยและการพัฒนางานด้านความปลอดภัย อาชีวอนามัย และสภาพแวดล้อมในการทํางาน(๓) ค่าใช้จ่ายในการบริหารกองทุนและตามมาตรา ๓๐(๔) สนับสนุนการดําเนินงานของสถาบันส่งเสริมความปลอดภัย อาชีวอนามัย และสภาพแวดล้อมในการทํางานตามความเหมาะสมเป็นรายปี(๕) ให้นายจ้างกู้ยืมเพื่อแก้ไขสภาพความไม่ปลอดภัย หรือเพื่อป้องกันการเกิดอุบัติเหตุและโรคอันเนื่องจากการทํางาน(๖) เงินทดรองจ่ายในการดําเนนการตามมาตรา ิ ๓๗การดําเนินการตาม (๑) (๒) (๓) (๔) (๕) และ (๖) ให้เป็นไปตามหลักเกณฑ์ วิธีการและเงื่อนไขที่คณะกรรมการบริหารกองทุนความปลอดภัย อาชีวอนามัย และสภาพแวดล้อมในการทํางานกําหนด และให้นําเงินดอกผลของกองทุนมาเป็นค่าใช้จ่ายในการดําเนินการตาม (๑) (๒)และ (๓) ได้ไม่เกินร้อยละเจ็ดสิบห้าของดอกผลของกองทุนต่อปี,
36,พ.ร.บ.ความปลอดภัย พ.ศ.2554,มาตรา 47,เงินและทรัพย์สินที่กองทุนได้รับตามมาตรา ๔๕ ไม่ต้องนําส่งกระทรวงการคลังเป็นรายได้แผ่นดิน,
36,พ.ร.บ.ความปลอดภัย พ.ศ.2554,มาตรา 48,"ให้มีคณะกรรมการคณะหนึ่งเรียกว่า “คณะกรรมการบริหารกองทุนความปลอดภัยอาชีวอนามัย และสภาพแวดล้อมในการทํางาน” ประกอบด้วย อธิบดีกรมสวัสดิการและคุ้มครองแรงงานเป็นประธานกรรมการ ผ้แทนกระทรวงการคล ู ัง ผู้แทนสํานักงานประกันสังคม ผู้แทนสํานักงบประมาณและผู้ทรงคุณวุฒิอีกคนหนึ่งซึ่งรัฐมนตรีแต่งตั้ง กับผู้แทนฝ่ายนายจ้างและผู้แทนฝ่ายลูกจ้างฝ่ายละห้าคนเป็นกรรมการให้ข้าราชการกรมสวัสดิการและคุ้มครองแรงงานซึ่งรัฐมนตรีแต่งตั้งเป็นเลขานุการการได้มาซึ่งผู้แทนฝ่ายนายจ้างและผู้แทนฝ่ายลูกจ้างตามวรรคหนึ่ง ให้เป็นไปตามหลักเกณฑ์วิธีการ และเงื่อนไขที่รัฐมนตรีประกาศกําหนด โดยต้องคํานึงถึงการมีส่วนร่วมของทั้งหญิงและชาย",
36,พ.ร.บ.ความปลอดภัย พ.ศ.2554,มาตรา 49,ให้นําบทบัญญัติมาตรา ๒๖ มาตรา ๒๗ และมาตรา ๒๘ วรรคหนึ่ง วรรคสาม และวรรคสี่ มาใช้บังคับกับการดารงต ํ ําแหน่ง การพ้นจากตําแหน่ง การประชุมของคณะกรรมการบริหารกองทุนความปลอดภัย อาชีวอนามัย และสภาพแวดล้อมในการทํางาน และให้นํามาตรา ๒๙ มาใช้บังคับกับการแต่งตั้งคณะอนุกรรมการของคณะกรรมการบริหารกองทุนความปลอดภัย อาชีวอนามัย และสภาพแวดล้อมในการทํางานโดยอนุโลม,
36,พ.ร.บ.ความปลอดภัย พ.ศ.2554,มาตรา 50,ให้คณะกรรมการบริหารกองทุนความปลอดภัย อาชีวอนามัยและสภาพแวดล้อม ในการทํางานมีอํานาจหน้าที่ดังต่อไปนี้(๑) กํากบการจ ั ัดการและบริหารกองทุน(๒) พิจารณาจัดสรรเงินกองทุนเพื่อการช่วยเหลือและการอุดหนุน การให้กู้ยืม การทดรองจ่ายและการสนับสนุนเงินในการดําเนินงานด้านความปลอดภัย อาชีวอนามัยและสภาพแวดล้อมในการทํางาน(๓) วางระเบียบเกี่ยวกับการรับเงิน การจ่ายเงิน การเก็บรักษาเงินกองทุนและการจัดหาผลประโยชน์ของเงินกองทุน โดยความเห็นชอบของกระทรวงการคลัง(๔) วางระเบียบเกี่ยวกับหลักเกณฑ์ วธิีการ และเงื่อนไขการให้เงินช่วยเหลือและเงินอุดหนุนการขอเงินช่วยเหลือและเงินอุดหนุน การอนุมัติเงินทดรองจ่าย การขอเงินทดรองจ่าย การให้กู้ยืมเงินและการชําระเงินคืนแก่กองทุน(๕) ปฏิบัติการอื่นใดตามที่พระราชบัญญัตินี้หรือกฎหมายอื่นบัญญัติให้เป็นอํานาจหน้าที่ของคณะกรรมการบริหารกองทุนความปลอดภัย อาชีวอนามัยและสภาพแวดล้อมในการทํางานหรือตามที่รัฐมนตรีมอบหมาย,
36,พ.ร.บ.ความปลอดภัย พ.ศ.2554,มาตรา 51,ภายในหนึ่งร้อยยี่สิบวันนับแต่วันสิ้นปีบัญชี ให้คณะกรรมการบริหารกองทุน ความปลอดภัย อาชีวอนามัย และสภาพแวดล้อมในการทํางานเสนองบดุลและรายงานการรับจ่ายเงินกองทุนในปีที่ล่วงมาแล้วต่อสํานักงานการตรวจเงินแผ่นดินเพื่อตรวจสอบรับรองและเสนอต่อคณะกรรมการงบดุลและรายงานการรับจ่ายเงินดังกล่าว ให้คณะกรรมการเสนอต่อรัฐมนตรีและให้รัฐมนตรีเสนอต่อคณะรัฐมนตรีเพื่อทราบและจัดให้มีการประกาศในราชกิจจานุเบกษา,
36,พ.ร.บ.ความปลอดภัย พ.ศ.2554,มาตรา 52,ให้มีสถาบันส่งเสริมความปลอดภัย อาชีวอนามัย และสภาพแวดล้อมในการทํางาน โดยมีวัตถุประสงค์เพื่อส่งเสริมความปลอดภัย อาชีวอนามัย และสภาพแวดล้อมในการทํางาน และมีอํานาจหน้าที่ดังต่อไปนี้(๑) ส่งเสริมและแก้ไขปัญหาเกี่ยวกับความปลอดภัย อาชีวอนามัย และสภาพแวดล้อมในการทํางาน(๒) พัฒนาและสนับสนุนการจัดทํามาตรฐานเพื่อส่งเสริมความปลอดภัย อาชีวอนามัยและสภาพแวดล้อมในการทํางาน(๓) ดําเนินการ ส่งเสริม สนับสนุน และร่วมดําเนินงานกับหน่วยงานด้านความปลอดภัยอาชีวอนามัย และสภาพแวดล้อมในการทํางานของภาครัฐและเอกชน(๔) จัดให้มีการศึกษาวิจัยเกี่ยวกับการส่งเสริมความปลอดภัย อาชีวอนามัย และสภาพแวดล้อมในการทํางาน ทั้งในด้านการพัฒนาบุคลากรและด้านวิชาการ(๕) อํานาจหน้าที่อื่นตามที่กําหนดในกฎหมายให้กระทรวงแรงงานจัดตั้งสถาบันส่งเสริมความปลอดภัย อาชีวอนามัย และสภาพแวดล้อมในการทํางานโดยอยู่ภายใต้การกํากับดูแลของรัฐมนตรี ทั้งนี้ ภายในหนึ่งปีนับแต่วันที่พระราชบัญญัตินี้ใช้บังคับ,
36,พ.ร.บ.ความปลอดภัย พ.ศ.2554,มาตรา 53,"นายจ้างผู้ใดฝ่าฝืนหรือไม่ปฏิบัติตามมาตรฐานที่กําหนดในกฎกระทรวงที่ออกตาม มาตรา ๘ ต้องระวางโทษจําคุกไม่เกินหนึ่งปี หรือปรับไม่เกินสี่แสนบาท หรือทั้งจําทั้งปรับ,หมวด ๘ บทกําหนดโทษ"
36,พ.ร.บ.ความปลอดภัย พ.ศ.2554,มาตรา 54,ผู้ใดมีหน้าที่ในการรับรอง หรือตรวจสอบเอกสารหลักฐาน หรือรายงานตามกฎกระทรวงที่ออกตามมาตรา ๘ วรรคสอง กรอกข้อความอันเป็นเท็จในการรับรองหรือตรวจสอบเอกสารหลักฐานหรือรายงาน ต้องระวางโทษจําคุกไม่เกินหกเดือนหรือปรับไม่เกินสองแสนบาทหรือทั้งจําทั้งปรับ,
36,พ.ร.บ.ความปลอดภัย พ.ศ.2554,มาตรา 55,ผู้ใดให้บริการตรวจวัด ตรวจสอบ ทดสอบ รับรอง ประเมินความเสี่ยง จัดฝึกอบรม หรือให้คําปรึกษาโดยไม่ได้ขึ้นทะเบียนตามมาตรา ๙ หรือไม่ได้รับอนุญาตตามมาตรา ๑๑ ต้องระวางโทษจําคุกไม่เกินหกเดือน หรือปรับไม่เกินสองแสนบาท หรือทั้งจําทั้งปรับ,
36,พ.ร.บ.ความปลอดภัย พ.ศ.2554,มาตรา 56,นายจ้างผู้ใดไม่ปฏิบัติตามมาตรา ๑๓ มาตรา ๑๖ หรือมาตรา ๓๒ ต้องระวางโทษ จําคุกไม่เกินหกเดือน หรือปรับไม่เกินสองแสนบาท หรือทั้งจําทั้งปรับ,
36,พ.ร.บ.ความปลอดภัย พ.ศ.2554,มาตรา 57,นายจ้างผู้ใดไม่ปฏิบัติตามมาตรา ๑๔ หรือมาตรา ๓๔ ต้องระวางโทษปรับไม่เกินห้าหมื่นบาท,
36,พ.ร.บ.ความปลอดภัย พ.ศ.2554,มาตรา 58,นายจ้างผู้ใดไม่ปฏิบัติตามมาตรา ๑๕ หรือมาตรา ๑๗ ต้องระวางโทษจําคุก ไม่เกินสามเดอนื หรือปรับไม่เกินหนึ่งแสนบาท หรือทั้งจําทั้งปรับ,
36,พ.ร.บ.ความปลอดภัย พ.ศ.2554,มาตรา 59,นายจ้างผู้ใดไม่ปฏิบัติตามมาตรา ๑๘ วรรคหนึ่ง ต้องระวางโทษจําคุกไม่เกิน หนึ่งปี หรือปรับไม่เกินสี่แสนบาท หรือทั้งจําทั้งปรับ,
36,พ.ร.บ.ความปลอดภัย พ.ศ.2554,มาตรา 60,ผู้ใดไม่ปฏิบัติตามมาตรา ๑๘ วรรคสอง ต้องระวางโทษจําคุกไม่เกินสามเดือน หรือปรับไม่เกินหนึ่งแสนบาท หรือทั้งจําทั้งปรับ,
36,พ.ร.บ.ความปลอดภัย พ.ศ.2554,มาตรา 61,ผู้ใดขัดขวางการดําเนินการของนายจ้างตามมาตรา ๑๙ หรือขัดขวางการปฏิบัติ หน้าที่ของพนักงานตรวจความปลอดภัย หรือบุคคลซึ่งได้รับมอบหมายตามมาตรา ๓๗ วรรคหนึ่งโดยไม่มีเหตุอันสมควร ต้องระวางโทษจําคุกไม่เกินหกเดือนหรือปรับไม่เกินสองแสนบาท หรือทั้งจําทั้งปรับ,
36,พ.ร.บ.ความปลอดภัย พ.ศ.2554,มาตรา 62,ผู้ใดไม่ปฏิบัติตามมาตรา ๒๒ วรรคหนึ่ง หรือมาตรา ๒๓ ต้องระวางโทษจําคุก ไม่เกินสามเดือน หรือปรับไม่เกินหนึ่งแสนบาท หรือทั้งจําทั้งปรับ,
36,พ.ร.บ.ความปลอดภัย พ.ศ.2554,มาตรา 63,ผู้ใดกระทําการเป็นผู้ชํานาญการด้านความปลอดภัย อาชีวอนามัย และสภาพแวดล้อมในการทํางานโดยไม่ได้รับใบอนุญาตตามมาตรา ๓๓ ต้องระวางโทษจําคุกไม่เกินหกเดือนหรือปรับไม่เกินสองแสนบาท หรือทั้งจําทั้งปรับ,
36,พ.ร.บ.ความปลอดภัย พ.ศ.2554,มาตรา 64,ผู้ใดขัดขวางหรือไม่อํานวยความสะดวกในการปฏิบัติหน้าที่ของพนักงานตรวจความปลอดภัยตามมาตรา ๓๕ หรือมาตรา ๓๖ วรรคสอง ต้องระวางโทษจําคุกไม่เกินหกเดือน หรือปรับไม่เกินสองแสนบาท หรือทั้งจําทั้งปรับ,
36,พ.ร.บ.ความปลอดภัย พ.ศ.2554,มาตรา 65,ผู้ใดฝ่าฝืนหรือไม่ปฏิบัติตามคําสั่งของพนักงานตรวจความปลอดภัยตามมาตรา ๓๖ วรรคหนึ่ง ต้องระวางโทษจําคุกไม่เกินหกเดือน หรือปรับไม่เกินสองแสนบาท หรือทั้งจําทั้งปรับ,
36,พ.ร.บ.ความปลอดภัย พ.ศ.2554,มาตรา 66,ผู้ใดฝ่าฝืนหรือกระทําการอย่างหนึ่งอย่างใดเพื่อให้สิ่งที่พนักงานตรวจ ความปลอดภัยสั่งให้ระงับการใช้หรือผูกมัดประทับตราไว้กลับใช้งานได้อีกระหว่างการปฏิบัติตามคําสั่งของพนักงานตรวจความปลอดภัยตามมาตรา ๓๖ วรรคสอง ต้องระวางโทษจําคุกไม่เกินสองปีหรือปรับไม่เกนแปดแสนบาท ิ หรือทั้งจําทั้งปรับ และปรับอีกเป็นรายวันไม่เกินวันละห้าพันบาทจนกว่าจะดําเนินการตามคําสั่ง,
36,พ.ร.บ.ความปลอดภัย พ.ศ.2554,มาตรา 67,นายจ้างผู้ใดไม่ปฏิบัติตามมาตรา ๓๙ ต้องระวางโทษปรับครั้งละไม่เกินห้าหมื่นบาท,
36,พ.ร.บ.ความปลอดภัย พ.ศ.2554,มาตรา 68,นายจ้างผู้ใดฝ่าฝืนมาตรา ๔๒ ต้องระวางโทษจําคุกไม่เกินหกเดือน หรือปรับไม่เกินสองแสนบาท หรือทั้งจําทั้งปรับ,
36,พ.ร.บ.ความปลอดภัย พ.ศ.2554,มาตรา 69,ในกรณีที่ผู้กระทําความผิดเป็นนิติบุคคล ถ้าการกระทําความผิดของนิติบุคคลนั้น เกิดจากการสั่งการ หรือการกระทําของบุคคลใด หรือเกิดจากการไม่สั่งการ หรือไม่กระทําการอันเป็นหน้าที่ที่ต้องกระทําของกรรมการผู้จัดการหรือบุคคลใดซึ่งรับผิดชอบในการดําเนินงานของนิติบุคคลนั้นผู้นั้นต้องรับโทษตามที่บัญญัติไว้สําหรับความผิดนั้น ๆ ด้วย,
36,พ.ร.บ.ความปลอดภัย พ.ศ.2554,มาตรา 70,ผู้ใดเปิดเผยข้อเท็จจริงใดที่เกี่ยวกับกิจการของนายจ้างอันเป็นข้อเท็จจริง ที่ปกติวิสัยของนายจ้างจะพึงสงวนไว้ไม่เปิดเผยซึ่งผู้นั้นได้หรือล่วงรู้ข้อเท็จจริงดังกล่าวมาเนื่องจากการปฏิบัติการตามพระราชบัญญัตินี้ ต้องระวางโทษจําคุกไม่เกินหนึ่งเดือน หรือปรับไม่เกินสี่หมื่นบาทหรือทั้งจําทั้งปรับ เว้นแต่เป็นการเปิดเผยในการปฏิบัติราชการเพื่อประโยชน์แห่งพระราชบัญญัตินี้หรือเพื่อประโยชน์แก่การค้มครองแรงงาน ุ การแรงงานสัมพันธ์ หรือการสอบสวนหรือพิจารณาคดี,
36,พ.ร.บ.ความปลอดภัย พ.ศ.2554,มาตรา 71,บรรดาความผิดตามพระราชบัญญัตินี้ที่มีอัตราโทษจําคุกไม่เกินหนึ่งปี หรือปรับ ไม่เกินสี่แสนบาท ถ้าเจ้าพนักงานดังต่อไปนี้ เห็นว่าผู้กระทําผิดไม่ควรได้รับโทษจําคุกหรือไม่ควรถูกฟ้องร้อง ให้มีอํานาจเปรียบเทียบดังนี้(๑) อธิบดีหรือผู้ซึ่งอธิบดีมอบหมาย สําหรับความผิดที่เกิดขึ้นในกรุงเทพมหานคร(๒) ผู้ว่าราชการจังหวัดหรือผู้ซึ่งผู้ว่าราชการจังหวัดมอบหมาย สําหรับความผิดที่เกิดขึ้นในจังหวัดอื่นในกรณีที่มีการสอบสวน ถ้าพนักงานสอบสวนพบว่าบุคคลใดกระทําความผิดที่เจ้าพนักงานมีอํานาจเปรียบเทียบได้ตามวรรคหนึ่งและบุคคลนั้นยินยอมให้เปรียบเทียบ ให้พนักงานสอบสวนส่งเรื่องให้อธิบดีหรือผู้ว่าราชการจังหวัด แล้วแต่กรณี ภายในเจ็ดวันนับแต่วันที่บุคคลนั้นแสดงความยินยอมให้เปรียบเทียบ เมื่อผู้กระทําผิดได้ชําระเงินค่าปรับตามจํานวนที่เปรียบเทียบภายในสามสิบวันนับแต่วันที่มีการเปรียบเทียบแล้ว ให้ถือว่าคดีเลิกกันตามประมวลกฎหมายวิธีพิจารณาความอาญาถ้าผู้กระทําความผิดไม่ยินยอมให้เปรียบเทียบหรือเมื่อยินยอมแล้วไม่ชําระเงินค่าปรับภายในกําหนดเวลาตามวรรคสาม ให้ดําเนินคดีต่อไป,
36,พ.ร.บ.ความปลอดภัย พ.ศ.2554,มาตรา 72,การกระทําความผิดตามมาตรา ๖๖ ถ้าคณะกรรมการเปรียบเทียบ ซึ่งประกอบด้วยอธิบดี ผู้บัญชาการสํานักงานตํารวจแห่งชาติหรือผู้แทน และอัยการสูงสุด หรือผู้แทนเห็นว่าผู้กระทําผิดไม่ควรได้รับโทษจําคุกหรือไม่ควรถูกฟ้องร้อง ให้มีอํานาจเปรียบเทียบได้ และให้นํามาตรา ๗๑ วรรคสอง วรรคสาม และวรรคสี่ มาใช้บังคับโดยอนุโลม,
36,พ.ร.บ.ความปลอดภัย พ.ศ.2554,มาตรา 73,"ในวาระเริ่มแรก ให้คณะกรรมการความปลอดภัย อาชีวอนามัย และสภาพแวดล้อมในการทํางานตามพระราชบัญญัติคุ้มครองแรงงาน พ.ศ. ๒๕๔๑ ซึ่งดํารงตําแหน่งอยู่ในวันที่พระราชบัญญัตินี้ใช้บังคับ ปฏิบัติหน้าที่คณะกรรมการตามพระราชบัญญัตินี้ไปจนกว่าจะมีการแต่งตั้งคณะกรรมการตามพระราชบัญญัตินี้ ซึ่งต้องไม่เกินหนึ่งร้อยแปดสิบวันนับแต่วันที่พระราชบัญญัตินี้ใช้บังคับ,บทเฉพาะกาล"
36,พ.ร.บ.ความปลอดภัย พ.ศ.2554,มาตรา 74,ในระหว่างที่ยังมิได้ออกกฎกระทรวง ประกาศ หรือระเบียบเพื่อปฏิบัติการตามพระราชบัญญัตินี้ ให้นํากฎกระทรวงที่ออกตามความในหมวด ๘ แห่งพระราชบัญญัติคุ้มครองแรงงานพ.ศ. ๒๕๔๑ มาใช้บังคับโดยอนุโลม,
